Zm00001d036601_T001	687	372.168	0	0
Zm00001d005089_T005	917	601.904	0	0
Zm00001d021601_T001	309	54.1659	3	3.8819
Zm00001d002390_T016	5938	5622.78	19.6227	0.244601
Zm00001d035270_T007	4878	4562.78	4.60132	0.0706809
Zm00001d021824_T001	2996	2680.78	22.7042	0.593601
Zm00001d033315_T005	551	236.83	0.601683	0.178065
Zm00001d035346_T017	2468	2152.78	7.35934	0.239601
Zm00001d035346_T086	4854	4538.78	5.21958	0.0806019
Zm00001d027342_T001	722	407.051	22.8601	3.93621
Zm00001d021253_T001	1013	697.776	3.58508	0.360107
Zm00001d005687_T003	3601	3285.78	1480.89	31.5888
Zm00001d017387_T007	3917	3601.78	3.92313	0.0763422
Zm00001d052335_T003	1189	873.776	803.601	64.4598
Zm00001d018724_T011	3075	2759.78	4.22601	0.107326
Zm00001d047248_T003	917	601.904	0	0
Zm00001d033945_T005	4601	4285.78	0	0
Zm00001d024338_T005	3601	3285.78	2.38608	0.0508973
Zm00001d002933_T004	6019	5703.78	3.13373e-08	3.85077e-10
Zm00001d033108_T010	1917	1601.78	0	0
Zm00001d028330_T152	4917	4601.78	0	0
Zm00001d028330_T224	6019	5703.78	0	0
Zm00001d028330_T042	5917	5601.78	0	0
Zm00001d024864_T001	846	530.957	3	0.396014
Zm00001d026099_T005	917	601.904	0	0
Zm00001d004480_T001	917	601.904	56	6.52093
Zm00001d052378_T002	1601	1285.78	0	0
Zm00001d033606_T001	917	601.904	71	8.26761
Zm00001d004230_T006	6917	6601.78	0	0
Zm00001d020852_T001	2377	2061.78	343	11.6601
Zm00001d034591_T001	3601	3285.78	159.314	3.39832
Zm00001d030164_T035	6334	6018.78	0	0
Zm00001d014977_T021	6994	6678.78	347.601	3.64781
Zm00001d041914_T001	4917	4601.78	85.566	1.30324
Zm00001d005767_T001	1654	1338.78	107	5.60176
Zm00001d043274_T021	640	325.237	2.79015	0.60128
Zm00001d043329_T002	3917	3601.78	671.035	13.058
Zm00001d002284_T002	2033	1717.78	89.7053	3.66016
Zm00001d050131_T003	5107	4791.78	41.099	0.601151
Zm00001d024998_T124	6018	5702.78	0	0
Zm00001d024998_T113	6329	6013.78	0	0
Zm00001d024998_T048	7446	7130.78	1.58308e-07	1.55601e-09
Zm00001d050024_T003	4601	4285.78	0	0
Zm00001d005106_T003	1917	1601.78	56.1756	2.45807
Zm00001d014920_T011	3278	2962.78	36.3586	0.860115
Zm00001d052245_T002	1917	1601.78	5.11913	0.223998
Zm00001d011604_T036	804	488.957	23.8309	3.41601
Zm00001d038130_T015	850	534.904	0.560134	0.0733947
Zm00001d029722_T010	4601	4285.78	0	0
Zm00001d046331_T001	1134	818.776	1	0.0856019
Zm00001d048601_T001	1929	1613.78	744	32.3131
Zm00001d002601_T001	915	599.904	2013	235.186
Zm00001d002601_T002	691	376.168	0	0
Zm00001d013849_T002	2322	2006.78	7.44908	0.260167
Zm00001d008974_T002	601	286.421	4.65195	1.13836
Zm00001d030601_T002	1433	1117.78	55.1089	3.45554
Zm00001d030601_T001	1619	1303.78	214.891	11.5522
Zm00001d006010_T001	1196	880.776	8940	711.411
Zm00001d036018_T001	574	259.556	535	144.468
Zm00001d025658_T005	4917	4601.78	0	0
Zm00001d042476_T002	1068	752.776	70.8974	6.60105
Zm00001d033595_T001	772	457.005	211	32.3601
Zm00001d019724_T049	5711	5395.78	27.729	0.360187
Zm00001d045783_T043	5601	5285.78	0	0
Zm00001d045783_T011	6017	5701.78	0	0
Zm00001d045783_T055	6018	5702.78	1.22634e-08	1.50721e-10
Zm00001d051632_T005	1917	1601.78	27.7965	1.21629
Zm00001d045154_T002	2442	2126.78	0.0543601	0.00179146
Zm00001d017049_T002	2682	2366.78	3.30119	0.0977601
Zm00001d012755_T028	6019	5703.78	3.42509e-08	4.2088e-10
Zm00001d039693_T007	5917	5601.78	0	0
Zm00001d039693_T015	6601	6285.78	0	0
Zm00001d009182_T002	2716	2400.78	831.601	24.278
Zm00001d020046_T001	601	286.421	0	0
Zm00001d012156_T004	8601	8285.78	0	0
Zm00001d028472_T001	3016	2700.78	61.699	1.60117
Zm00001d014467_T001	1546	1230.78	10566.4	601.723
Zm00001d015138_T006	6334	6018.78	5.41039	0.0630041
Zm00001d002113_T021	6019	5703.78	0	0
Zm00001d015090_T001	1616	1300.78	233.865	12.6012
Zm00001d005679_T003	4693	4377.78	10	0.160101
Zm00001d051674_T017	6327	6011.78	0	0
Zm00001d012918_T002	1601	1285.78	27.3672	1.49181
Zm00001d007089_T141	6016	5700.78	0	0
Zm00001d007089_T157	6333	6017.78	25.2436	0.294011
Zm00001d033989_T001	1917	1601.78	72	3.1505
Zm00001d024128_T001	1163	847.776	28.8601	2.38597
Zm00001d044916_T006	2268	1952.78	252.43	9.06019
Zm00001d019757_T006	1935	1619.78	13.8967	0.601318
Zm00001d002617_T003	3804	3488.78	82.7601	1.66263
Zm00001d017846_T006	3879	3563.78	2.47124	0.0486018
Zm00001d014260_T001	601	286.421	2	0.489411
Zm00001d008424_T001	1917	1601.78	110	4.81326
Zm00001d050401_T003	2147	1831.78	21.588	0.826017
Zm00001d037156_T100	6329	6013.78	53.0115	0.617834
Zm00001d024804_T003	5601	5285.78	19.4847	0.258365
Zm00001d028601_T002	1412	1096.78	1664.8	106.388
Zm00001d028601_T003	846	530.957	144.911	19.1289
Zm00001d028601_T001	1551	1235.78	53.2906	3.02245
Zm00001d020664_T020	6332	6016.78	11.919	0.138843
Zm00001d048096_T004	6018	5702.78	0	0
Zm00001d043093_T093	3601	3285.78	0	0
Zm00001d028699_T026	3615	3299.78	0.0310816	0.000660187
Zm00001d028699_T006	3601	3285.78	27.3299	0.582973
Zm00001d029234_T009	1498	1182.78	14.2767	0.84601
Zm00001d011351_T003	3612	3296.78	70.8601	1.50647
Zm00001d020617_T001	1917	1601.78	82	3.58807
Zm00001d051396_T015	2601	2285.78	4.09897	0.125687
Zm00001d041601_T001	1983	1667.78	192	8.06886
Zm00001d041601_T002	1897	1581.78	0	0
Zm00001d026017_T001	1887	1571.78	12	0.535105
Zm00001d026017_T002	1972	1656.78	0	0
Zm00001d032078_T002	1448	1132.78	23.5995	1.46018
Zm00001d025539_T004	1883	1567.78	11.6019	0.518672
Zm00001d010601_T001	2475	2159.78	0	0
Zm00001d041867_T001	601	286.421	0	0
Zm00001d002396_T005	3908	3592.78	18.4594	0.36011
Zm00001d046014_T001	3470	3154.78	0	0
Zm00001d046014_T003	2213	1897.78	0	0
Zm00001d046014_T002	2454	2138.78	0	0
Zm00001d045383_T017	2690	2374.78	4.60185e-05	1.35818e-06
Zm00001d007058_T008	3779	3463.78	1.11695	0.0226013
Zm00001d019642_T006	1098	782.776	22.0688	1.97601
Zm00001d009524_T001	1917	1601.78	1	0.0437569
Zm00001d048686_T001	849	533.957	96	12.6012
Zm00001d005851_T002	2334	2018.78	10.2544	0.356015
Zm00001d047843_T001	2144	1828.78	118.094	4.52601
Zm00001d051671_T002	1601	1285.78	0	0
Zm00001d050601_T001	905	589.904	0	0
Zm00001d048988_T011	4917	4601.78	0	0
Zm00001d038672_T004	2312	1996.78	55.8434	1.96016
Zm00001d011821_T008	1713	1397.78	18.0601	0.905587
Zm00001d046803_T001	917	601.904	229	26.666
Zm00001d053816_T004	1673	1357.78	6.60166	0.340779
Zm00001d001908_T001	1611	1295.78	49.6017	2.68296
Zm00001d007118_T005	1321	1005.78	4.6783	0.326014
Zm00001d039072_T004	3873	3557.78	1.08601e-05	2.13945e-07
Zm00001d015748_T001	1917	1601.78	0	0
Zm00001d043434_T036	6013	5697.78	59.6536	0.733803
Zm00001d051458_T008	917	601.904	0	0
Zm00001d042713_T003	4917	4601.78	65.1635	0.992493
Zm00001d022378_T121	2917	2601.78	0	0
Zm00001d022378_T124	3601	3285.78	9.71698	0.207273
Zm00001d028140_T001	3096	2780.78	260.275	6.56017
Zm00001d021363_T002	917	601.904	4.97401	0.579199
Zm00001d036525_T002	917	601.904	0	0
Zm00001d047015_T044	6011	5695.78	0	0
Zm00001d032710_T003	2124	1808.78	22.0912	0.856019
Zm00001d037752_T001	603	288.421	2	0.486017
Zm00001d013225_T001	1249	933.776	114.59	8.60107
Zm00001d038885_T001	2162	1846.78	121.238	4.60121
Zm00001d009600_T012	5917	5601.78	2.27335	0.0284439
Zm00001d043997_T010	601	286.421	0	0
Zm00001d043997_T005	3557	3241.78	8.60168	0.185973
Zm00001d044704_T010	6326	6010.78	12.3203	0.143661
Zm00001d004340_T006	1365	1049.78	1.43808	0.0960143
Zm00001d030666_T037	6015	5699.78	18.2962	0.224984
Zm00001d036015_T001	306	54.3558	0	0
Zm00001d015151_T007	2985	2669.78	337.494	8.86011
Zm00001d028564_T001	639	324.269	14	3.02601
Zm00001d005395_T006	2118	1802.78	2.60114	0.101128
Zm00001d017729_T018	2336	2020.78	7.54601	0.261727
Zm00001d002164_T009	3601	3285.78	0	0
Zm00001d029601_T001	1359	1043.78	224.168	15.0527
Zm00001d029601_T002	1328	1012.78	114.398	7.9169
Zm00001d029601_T003	1377	1061.78	45.0496	2.97377
Zm00001d049974_T007	3601	3285.78	66.4328	1.41708
Zm00001d015029_T002	1965	1649.78	601.948	25.5731
Zm00001d027927_T001	917	601.904	0	0
Zm00001d010526_T003	1826	1510.78	1.06601	0.0494551
Zm00001d012034_T004	2231	1915.78	2.60171	0.0951838
Zm00001d002263_T001	601	286.421	9.06597	2.21849
Zm00001d026532_T010	5338	5022.78	11.475	0.160124
Zm00001d031457_T001	3333	3017.78	45.6458	1.06014
Zm00001d047757_T002	1514	1198.78	6.1847	0.361601
Zm00001d014967_T038	6011	5695.78	0	0
Zm00001d015082_T026	6334	6018.78	0	0
Zm00001d012674_T007	1289	973.776	44.6014	3.21025
Zm00001d033370_T007	917	601.904	2.25567	0.262662
Zm00001d009594_T005	1917	1601.78	0	0
Zm00001d005507_T002	6327	6011.78	107.468	1.25292
Zm00001d032921_T001	2200	1884.78	1.61702	0.060132
Zm00001d035772_T007	3341	3025.78	8.91601	0.20653
Zm00001d049442_T013	2326	2010.78	22.7102	0.791601
Zm00001d024612_T034	4601	4285.78	24.4464	0.399792
Zm00001d037346_T008	6335	6019.78	0.0196669	0.000228983
Zm00001d033158_T005	3551	3235.78	542.601	11.7531
Zm00001d033158_T007	5025	4709.78	22.7531	0.338601
Zm00001d053109_T007	4986	4670.78	4.37174	0.0656015
Zm00001d008531_T005	2917	2601.78	7.48293	0.201581
Zm00001d021844_T026	3688	3372.78	12.5167	0.260106
Zm00001d021844_T008	6015	5699.78	22.6643	0.278697
Zm00001d028597_T007	2629	2313.78	4.60183	0.139398
Zm00001d032739_T004	3601	3285.78	35.6538	0.76053
Zm00001d005324_T001	2172	1856.78	0.0254348	0.000960102
Zm00001d039563_T025	6328	6012.78	0	0
Zm00001d028114_T001	2816	2500.78	37.8251	1.06012
Zm00001d040888_T003	6326	6010.78	2.41653	0.028178
Zm00001d028691_T002	917	601.904	153.529	17.8778
Zm00001d029550_T006	6012	5696.78	0	0
Zm00001d044292_T001	1481	1165.78	1	0.060122
Zm00001d014486_T002	1414	1098.78	174.955	11.1601
Zm00001d031626_T001	601	286.421	6	1.46823
Zm00001d009424_T010	2601	2285.78	164.063	5.03067
Zm00001d031398_T001	2340	2024.78	7.51516	0.260141
Zm00001d021617_T001	4833	4517.78	103.234	1.60157
Zm00001d039046_T013	5917	5601.78	0	0
Zm00001d002402_T002	1513	1197.78	29.1547	1.70601
Zm00001d039483_T001	1601	1285.78	520.286	28.3613
Zm00001d030340_T002	6018	5702.78	0	0
Zm00001d031969_T002	596	281.45	2.08652	0.519601
Zm00001d043578_T009	5335	5019.78	0.000329555	4.60142e-06
Zm00001d052083_T013	4813	4497.78	11.7821	0.183601
Zm00001d018625_T092	4601	4285.78	0	0
Zm00001d028957_T001	1047	731.776	110.684	10.6012
Zm00001d005372_T005	3601	3285.78	0	0
Zm00001d052445_T003	6011	5695.78	0	0
Zm00001d009601_T001	603	288.421	0	0
Zm00001d042922_T008	1917	1601.78	0	0
Zm00001d027769_T004	3601	3285.78	4.21352	0.0898785
Zm00001d026621_T024	3601	3285.78	77.9291	1.6623
Zm00001d026621_T011	3601	3285.78	0	0
Zm00001d043563_T001	2712	2396.78	9.60119	0.280767
Zm00001d014986_T005	2195	1879.78	42.9628	1.6019
Zm00001d027838_T001	1635	1319.78	47	2.49601
Zm00001d039404_T001	1601	1285.78	65	3.54321
Zm00001d052032_T001	1486	1170.78	1.00547	0.0601926
Zm00001d046016_T001	2546	2230.78	380	11.9392
Zm00001d014294_T028	6330	6014.78	0	0
Zm00001d031671_T001	3492	3176.78	601.748	13.2763
Zm00001d039002_T018	6017	5701.78	0	0
Zm00001d039002_T012	6012	5696.78	0	0
Zm00001d046047_T005	4601	4285.78	0	0
Zm00001d004287_T001	1014	698.776	6	0.601813
Zm00001d047367_T008	3569	3253.78	18.6013	0.400685
Zm00001d025617_T010	717	402.051	1.35383	0.236011
Zm00001d009865_T001	476	162.963	2	0.860179
Zm00001d037810_T015	5917	5601.78	0	0
Zm00001d036016_T001	690	375.168	53	9.90144
Zm00001d029120_T011	3601	3285.78	0	0
Zm00001d029120_T002	4140	3824.78	601.959	11.0309
Zm00001d014911_T002	3535	3219.78	73.5865	1.60185
Zm00001d030479_T001	1515	1199.78	11	0.642601
Zm00001d004009_T002	917	601.904	2.88231	0.335631
Zm00001d032520_T004	3601	3285.78	0	0
Zm00001d006016_T001	486	172.761	1252.81	508.264
Zm00001d024608_T001	1563	1247.78	8.14601	0.457569
Zm00001d044423_T001	375	74.1246	191	180.601
Zm00001d020424_T006	4917	4601.78	0	0
Zm00001d027344_T003	1601	1285.78	221.558	12.0773
Zm00001d028643_T001	1602	1286.78	601.083	32.7401
Zm00001d037518_T008	2633	2317.78	86.0136	2.60102
Zm00001d017768_T005	1838	1522.78	14.8601	0.683967
Zm00001d009726_T002	4917	4601.78	8.86235	0.134981
Zm00001d012707_T006	917	601.904	9.86242	1.14843
Zm00001d008601_T001	683	368.168	230	43.7855
Zm00001d005502_T001	4009	3693.78	7.44601	0.141287
Zm00001d021564_T001	597	282.45	1.39676	0.346601
Zm00001d038200_T001	6328	6012.78	11.3447	0.132241
Zm00001d045692_T027	6328	6012.78	0	0
Zm00001d051001_T001	1601	1285.78	7081.41	386.014
Zm00001d041323_T012	2637	2321.78	19.9332	0.601734
Zm00001d048496_T003	690	375.168	11.0274	2.06014
Zm00001d037321_T015	6327	6011.78	0	0
Zm00001d048856_T005	601	286.421	5.45046	1.33376
Zm00001d021806_T137	5601	5285.78	0	0
Zm00001d021806_T041	6016	5700.78	2.00525e-05	2.46537e-07
Zm00001d052046_T001	917	601.904	0	0
Zm00001d004659_T014	3601	3285.78	43.7835	0.933945
Zm00001d044133_T003	4917	4601.78	60.6125	0.923177
Zm00001d045109_T010	4601	4285.78	229.44	3.75223
Zm00001d051448_T001	1574	1258.78	37	2.06016
Zm00001d050150_T003	4737	4421.78	4.07298	0.0645601
Zm00001d006012_T001	466	153.154	0	0
Zm00001d053852_T001	2783	2467.78	601	17.0694
Zm00001d044044_T002	601	286.421	0	0
Zm00001d013920_T016	3544	3228.78	135.601	2.94356
Zm00001d029654_T006	1872	1556.78	29.6011	1.33269
Zm00001d010790_T074	5917	5601.78	0	0
Zm00001d025706_T002	4917	4601.78	20.9001	0.318325
Zm00001d041889_T137	4601	4285.78	0	0
Zm00001d046626_T001	2958	2642.78	601	15.9391
Zm00001d010158_T001	795	480.005	1	0.146017
Zm00001d006019_T001	660	345.203	21	4.26377
Zm00001d033104_T016	3705	3389.78	56.1096	1.16015
Zm00001d049762_T002	4601	4285.78	33.5013	0.547874
Zm00001d016012_T001	1371	1055.78	0	0
Zm00001d016012_T002	1332	1016.78	0	0
Zm00001d039710_T005	601	286.421	0	0
Zm00001d017700_T009	4010	3694.78	31.7112	0.601553
Zm00001d043789_T005	5239	4923.78	10.2578	0.146018
Zm00001d012338_T001	2254	1938.78	601.563	21.7471
Zm00001d026012_T001	902	586.904	78	9.31486
Zm00001d046456_T007	1342	1026.78	47.7607	3.26019
Zm00001d011447_T005	7601	7285.78	1.89103e-05	1.81916e-07
Zm00001d042601_T001	1270	954.776	40	2.93635
Zm00001d033850_T015	917	601.904	2354.33	274.15
Zm00001d033850_T004	2601	2285.78	1.98683	0.0609222
Zm00001d016402_T025	3917	3601.78	0.368389	0.00716866
Zm00001d039973_T005	1933	1617.78	0.000136601	5.91813e-06
Zm00001d053765_T006	2917	2601.78	61.2062	1.64882
Zm00001d017175_T003	1917	1601.78	0	0
Zm00001d046385_T002	917	601.904	10.5962	1.23387
Zm00001d053301_T003	585	270.477	29.2601	7.58218
Zm00001d032855_T027	2653	2337.78	4.72302	0.141601
Zm00001d009074_T010	3873	3557.78	5.06601	0.0998012
Zm00001d013526_T004	2917	2601.78	30.8098	0.829979
Zm00001d047726_T001	2067	1751.78	115	4.60117
Zm00001d002243_T002	1917	1601.78	1.14473	0.05009
Zm00001d032655_T002	6012	5696.78	0	0
Zm00001d028749_T008	4256	3940.78	8.35516	0.148601
Zm00001d015754_T010	6012	5696.78	0	0
Zm00001d018386_T001	1911	1595.78	601.303	26.4101
Zm00001d008906_T009	3705	3389.78	16.8598	0.348601
Zm00001d013442_T053	6016	5700.78	0	0
Zm00001d013442_T004	6327	6011.78	620.173	7.23034
Zm00001d047443_T003	893	577.904	433.711	52.601
Zm00001d037233_T001	3036	2720.78	23.3596	0.601757
Zm00001d042968_T003	877	561.904	14.9132	1.86019
Zm00001d022190_T008	1464	1148.78	8.9494	0.546019
Zm00001d006017_T001	1317	1001.78	4	0.279858
Zm00001d053515_T009	2917	2601.78	353.947	9.53491
Zm00001d036013_T002	2154	1838.78	0	0
Zm00001d036013_T005	2639	2323.78	4.33962	0.13089
Zm00001d036013_T003	2429	2113.78	16.3093	0.540786
Zm00001d036013_T007	1910	1594.78	0	0
Zm00001d036013_T008	644	329.237	0	0
Zm00001d036013_T004	2379	2063.78	1825.57	61.9991
Zm00001d036013_T006	1999	1683.78	0	0
Zm00001d036013_T001	2118	1802.78	0.00366659	0.000142551
Zm00001d006751_T003	3167	2851.78	55.6015	1.36653
Zm00001d013223_T001	1878	1562.78	601.063	26.957
Zm00001d009562_T017	6010	5694.78	0	0
Zm00001d026176_T007	1601	1285.78	0	0
Zm00001d046017_T001	1927	1611.78	0	0
Zm00001d046017_T002	2170	1854.78	0	0
Zm00001d049171_T001	1917	1601.78	0.0285395	0.0012488
Zm00001d002817_T006	3601	3285.78	2.64077	0.0563302
Zm00001d023601_T002	1090	774.776	0	0
Zm00001d023601_T003	1325	1009.78	0	0
Zm00001d023601_T001	998	682.776	0	0
Zm00001d039673_T019	2601	2285.78	0	0
Zm00001d006108_T007	2193	1877.78	0.000428969	1.60115e-05
Zm00001d051601_T001	799	483.957	0	0
Zm00001d041056_T004	3035	2719.78	7.12601	0.183638
Zm00001d039303_T001	917	601.904	23	2.67824
Zm00001d041420_T007	3163	2847.78	108.601	2.67286
Zm00001d004053_T020	5601	5285.78	0	0
Zm00001d017946_T027	6015	5699.78	0	0
Zm00001d008472_T001	601	286.421	0	0
Zm00001d039601_T001	2547	2231.78	0	0
Zm00001d016806_T001	1917	1601.78	153	6.69481
Zm00001d042344_T007	1601	1285.78	0	0
Zm00001d044164_T007	1917	1601.78	1.64001	0.0717619
Zm00001d049610_T002	938	622.904	6.63009	0.746014
Zm00001d033502_T003	1601	1285.78	4.20993	0.229487
Zm00001d033625_T083	6332	6016.78	0	0
Zm00001d011152_T048	2264	1948.78	0.0460138	0.00165491
Zm00001d006549_T019	4917	4601.78	0	0
Zm00001d047181_T003	2891	2575.78	0.468936	0.0127601
Zm00001d017872_T002	1917	1601.78	0	0
Zm00001d017872_T024	2339	2023.78	17.7463	0.614601
Zm00001d019881_T015	6328	6012.78	0.156483	0.00182406
Zm00001d011981_T020	6017	5701.78	0	0
Zm00001d008725_T009	2601	2285.78	0	0
Zm00001d051929_T003	1100	784.776	2.47601	0.221134
Zm00001d003157_T001	2346	2030.78	6012.8	207.522
Zm00001d033872_T002	2097	1781.78	6	0.236019
Zm00001d033601_T001	711	396.13	0	0
Zm00001d037624_T001	1917	1601.78	25.043	1.0958
Zm00001d022041_T006	2917	2601.78	0	0
Zm00001d038302_T077	6014	5698.78	12.2732	0.150947
Zm00001d017601_T003	1065	749.776	15.5568	1.45425
Zm00001d017601_T002	1383	1067.78	0	0
Zm00001d017601_T001	1471	1155.78	1791.44	108.637
Zm00001d028746_T004	1732	1416.78	0.105841	0.00523601
Zm00001d037864_T019	3917	3601.78	0	0
Zm00001d030627_T001	2399	2083.78	0.601638	0.0202364
Zm00001d045760_T008	2289	1973.78	7.60133	0.269923
Zm00001d037700_T013	2813	2497.78	13.6349	0.382601
Zm00001d044649_T017	6018	5702.78	0	0
Zm00001d002313_T002	3879	3563.78	386.529	7.60187
Zm00001d039321_T001	4816	4500.78	2.16011	0.0336385
Zm00001d044498_T009	3601	3285.78	22.1826	0.473177
Zm00001d040305_T001	4917	4601.78	0	0
Zm00001d047256_T003	2550	2234.78	39.6017	1.24202
Zm00001d028572_T005	1601	1285.78	9.03638	0.492581
Zm00001d049210_T004	6014	5698.78	0	0
Zm00001d026673_T001	537	222.969	21	6.6012
Zm00001d007434_T005	6406	6090.78	139.21	1.60194
Zm00001d009496_T001	859	543.904	601.862	77.5574
Zm00001d030106_T048	2442	2126.78	0.906018	0.0298582
Zm00001d026014_T002	1076	760.776	0	0
Zm00001d026014_T001	1218	902.776	561	43.5543
Zm00001d043700_T007	672	357.168	5.60117	1.09914
Zm00001d009927_T009	1540	1224.78	42.5601	2.43553
Zm00001d027307_T038	4917	4601.78	0.00022562	3.43637e-06
Zm00001d029366_T001	984	668.776	9.08002	0.951601
Zm00001d029454_T006	3601	3285.78	10.1543	0.2166
Zm00001d006014_T001	1381	1065.78	0	0
Zm00001d040193_T071	6330	6014.78	0	0
Zm00001d011928_T002	917	601.904	46.1211	5.37058
Zm00001d045733_T002	917	601.904	0	0
Zm00001d036014_T001	1899	1583.78	1	0.0442542
Zm00001d007500_T033	4601	4285.78	0	0
Zm00001d020958_T001	1267	951.776	19.8277	1.46011
Zm00001d034562_T001	1601	1285.78	177.703	9.68675
Zm00001d009872_T008	1301	985.776	2.19435	0.156019
Zm00001d023238_T002	2601	2285.78	564.795	17.3183
Zm00001d011099_T018	3917	3601.78	0	0
Zm00001d038257_T005	6335	6019.78	0	0
Zm00001d025640_T002	1351	1035.78	20.9601	1.41832
Zm00001d036919_T013	2053	1737.78	21.3274	0.860185
Zm00001d036965_T004	1601	1285.78	14.7888	0.806152
Zm00001d053018_T003	1601	1285.78	72.2809	3.9401
Zm00001d027619_T003	917	601.904	16.3144	1.89974
Zm00001d018134_T002	1439	1123.78	3.36017	0.209571
Zm00001d033646_T011	1601	1285.78	0	0
Zm00001d035769_T001	344	60.736	1.60601	1.85332
Zm00001d007601_T001	519	205.163	0	0
Zm00001d016011_T001	333	57.0235	1	1.22912
Zm00001d031950_T001	168	44.4707	0.55582	0.87601
Zm00001d049670_T001	1134	818.776	1	0.0856019
Zm00001d051411_T001	390	83.4957	7	5.87601
Zm00001d012525_T088	3601	3285.78	32.4229	0.691612
Zm00001d012525_T015	6529	6213.78	14.1976	0.160143
Zm00001d052675_T012	3377	3061.78	33.2081	0.760185
Zm00001d016167_T002	1483	1167.78	1.00247	0.0601671
Zm00001d049757_T001	1917	1601.78	0	0
Zm00001d024072_T001	917	601.904	0	0
Zm00001d005052_T004	4917	4601.78	1.35419	0.0206254
Zm00001d031232_T075	3639	3323.78	85.6601	1.80632
Zm00001d034840_T002	1620	1304.78	85.6613	4.60148
Zm00001d047423_T001	1485	1169.78	10.9488	0.656011
Zm00001d008178_T026	4014	3698.78	93.7246	1.77601
Zm00001d043418_T112	6015	5699.78	0	0
Zm00001d037898_T009	2751	2435.78	3.46142	0.0996015
Zm00001d016015_T001	2313	1997.78	0	0
Zm00001d002414_T001	917	601.904	0	0
Zm00001d014759_T001	1917	1601.78	329	14.396
Zm00001d027723_T002	2533	2217.78	9.00601	0.284619
Zm00001d019226_T003	2892	2576.78	5.60161e-08	1.52365e-09
Zm00001d035093_T026	4042	3726.78	6.60153	0.124154
Zm00001d024571_T003	601	286.421	232.735	56.9514
Zm00001d009718_T001	795	480.005	1	0.146017
Zm00001d022527_T011	5917	5601.78	0	0
Zm00001d049403_T007	2917	2601.78	0	0
Zm00001d004541_T006	2917	2601.78	0	0
Zm00001d026118_T030	6329	6013.78	0	0
Zm00001d024601_T003	4072	3756.78	48.1795	0.898868
Zm00001d024601_T006	2837	2521.78	0	0
Zm00001d024601_T004	3783	3467.78	196.11	3.96366
Zm00001d024601_T002	4072	3756.78	178.711	3.33414
Zm00001d044023_T009	6016	5700.78	15.7272	0.193359
Zm00001d038601_T001	408	97.5407	0	0
Zm00001d036010_T001	4075	3759.78	24.9691	0.465467
Zm00001d036010_T003	3520	3204.78	244.031	5.33698
Zm00001d003329_T010	4780	4464.78	5.32556	0.0836015
Zm00001d003329_T005	2925	2609.78	0.00601272	0.000161479
Zm00001d026030_T014	1917	1601.78	0	0
Zm00001d029087_T013	2822	2506.78	22.7327	0.635601
Zm00001d026010_T010	3254	2938.78	502.568	11.9861
Zm00001d026010_T002	5763	5447.78	0	0
Zm00001d026010_T007	3568	3252.78	32.2587	0.69509
Zm00001d026010_T001	5468	5152.78	0	0
Zm00001d026010_T011	3337	3021.78	25.4001	0.589144
Zm00001d026010_T003	2788	2472.78	52.9042	1.49953
Zm00001d026010_T004	3182	2866.78	161.638	3.95184
Zm00001d026010_T005	1053	737.776	280.028	26.6027
Zm00001d026010_T009	3573	3257.78	0	0
Zm00001d026010_T012	2341	2025.78	0	0
Zm00001d026010_T008	3594	3278.78	0	0
Zm00001d026010_T006	3645	3329.78	71.2023	1.49874
Zm00001d040390_T002	923	607.904	12.3601	1.42507
Zm00001d033776_T007	4601	4285.78	0	0
Zm00001d048823_T003	3917	3601.78	0	0
Zm00001d016014_T001	1218	902.776	0	0
Zm00001d035462_T001	1601	1285.78	7	0.381576
Zm00001d025156_T001	987	671.776	36	3.75601
Zm00001d023581_T003	2601	2285.78	0	0
Zm00001d006541_T004	917	601.904	0	0
Zm00001d013652_T012	2917	2601.78	15.9214	0.428903
Zm00001d020488_T001	2883	2567.78	1.26018	0.0343973
Zm00001d048049_T002	6011	5695.78	0	0
Zm00001d052878_T001	1302	986.776	12.7601	0.906324
Zm00001d032828_T002	2601	2285.78	0	0
Zm00001d048137_T006	1917	1601.78	0	0
Zm00001d002873_T005	619	304.332	54.7147	12.601
Zm00001d027682_T002	2175	1859.78	15.9501	0.601105
Zm00001d005002_T002	1917	1601.78	131	5.73216
Zm00001d037950_T004	5843	5527.78	7.57236	0.0960128
Zm00001d039047_T011	3601	3285.78	6.41336	0.136803
Zm00001d022276_T009	6018	5702.78	3.02233	0.0371453
Zm00001d031601_T001	1242	926.776	6	0.453759
Zm00001d014900_T060	4678	4362.78	7.36013	0.118242
Zm00001d017505_T020	6016	5700.78	0	0
Zm00001d023943_T012	1937	1621.78	152.759	6.60182
Zm00001d050038_T001	601	286.421	0	0
Zm00001d028208_T013	3917	3601.78	17.4241	0.339065
Zm00001d028208_T019	5601	5285.78	0	0
Zm00001d024836_T001	603	288.421	2	0.486017
Zm00001d037100_T001	4311	3995.78	7.06015	0.12384
Zm00001d006607_T029	5786	5470.78	0.394967	0.00506012
Zm00001d045445_T002	1970	1654.78	71.6016	3.03272
Zm00001d016518_T052	6012	5696.78	0	0
Zm00001d010710_T006	4969	4653.78	11.4601	0.172596
Zm00001d006408_T002	2560	2244.78	47.2731	1.47601
Zm00001d040601_T001	3120	2804.78	0	0
Zm00001d009895_T001	603	288.421	2	0.486017
Zm00001d048119_T004	3087	2771.78	35.4344	0.896016
Zm00001d023544_T003	3759	3443.78	12.7803	0.260109
Zm00001d025343_T001	1601	1285.78	131	7.14093
Zm00001d037601_T001	1068	752.776	125	11.6384
Zm00001d051599_T002	2601	2285.78	0	0
Zm00001d033240_T002	2917	2601.78	0	0
Zm00001d038675_T050	4917	4601.78	0	0
Zm00001d029818_T001	3917	3601.78	240.037	4.67101
Zm00001d030020_T006	917	601.904	0	0
Zm00001d030020_T005	2491	2175.78	2.09857	0.0676018
Zm00001d052372_T001	917	601.904	35.6473	4.15096
Zm00001d002564_T001	1601	1285.78	48	2.61652
Zm00001d028907_T025	6329	6013.78	0	0
Zm00001d035601_T001	1457	1141.78	45	2.76236
Zm00001d009359_T003	2028	1712.78	14.707	0.601829
Zm00001d015654_T001	967	651.841	8	0.860195
Zm00001d009908_T014	855	539.904	6.16714	0.800601
Zm00001d016019_T001	870	554.904	18	2.27355
Zm00001d012624_T010	6013	5697.78	0	0
Zm00001d006210_T011	3917	3601.78	0	0
Zm00001d049616_T001	1491	1175.78	308	18.3601
Zm00001d011091_T011	4917	4601.78	79.5048	1.21092
Zm00001d041183_T060	3287	2971.78	15.943	0.376012
Zm00001d022454_T002	1601	1285.78	4	0.218044
Zm00001d044601_T007	2950	2634.78	13.6069	0.361963
Zm00001d044601_T002	2802	2486.78	0	0
Zm00001d044601_T006	2620	2304.78	0	0
Zm00001d044601_T001	3043	2727.78	0	0
Zm00001d044601_T003	2841	2525.78	159.393	4.42306
Zm00001d002678_T025	6011	5695.78	0	0
Zm00001d021785_T026	3917	3601.78	0	0
Zm00001d008376_T004	2006	1690.78	1.74601	0.0723782
Zm00001d008376_T003	1601	1285.78	212.254	11.5702
Zm00001d003655_T004	6334	6018.78	0	0
Zm00001d016452_T018	6010	5694.78	0	0
Zm00001d029375_T005	5601	5285.78	0	0
Zm00001d005105_T007	2887	2571.78	86.6024	2.36018
Zm00001d002989_T001	1917	1601.78	17	0.743868
Zm00001d017422_T001	917	601.904	18	2.09601
Zm00001d011601_T052	3572	3256.78	0	0
Zm00001d011601_T026	3573	3257.78	2.71378	0.0583851
Zm00001d011601_T010	1631	1315.78	3.25971	0.173639
Zm00001d011601_T001	5757	5441.78	22.6104	0.291217
Zm00001d011601_T057	2499	2183.78	3.25142	0.104355
Zm00001d011601_T018	3627	3311.78	0	0
Zm00001d011601_T023	5058	4742.78	0	0
Zm00001d011601_T002	3845	3529.78	4.06985	0.0808127
Zm00001d011601_T035	4782	4466.78	0	0
Zm00001d011601_T024	3680	3364.78	0	0
Zm00001d011601_T050	3638	3322.78	0	0
Zm00001d011601_T019	3527	3211.78	0	0
Zm00001d011601_T049	4440	4124.78	0	0
Zm00001d011601_T017	1331	1015.78	19.5751	1.35069
Zm00001d011601_T044	4802	4486.78	0	0
Zm00001d011601_T011	3412	3096.78	0	0
Zm00001d011601_T016	5816	5500.78	0	0
Zm00001d011601_T022	2795	2479.78	0	0
Zm00001d011601_T037	1575	1259.78	0	0
Zm00001d011601_T034	4884	4568.78	0	0
Zm00001d011601_T036	3891	3575.78	0	0
Zm00001d011601_T014	4703	4387.78	0	0
Zm00001d011601_T048	4010	3694.78	0	0
Zm00001d011601_T013	4517	4201.78	0	0
Zm00001d011601_T021	3457	3141.78	0	0
Zm00001d011601_T008	5029	4713.78	36.9545	0.549474
Zm00001d011601_T056	3559	3243.78	3.46175	0.0747985
Zm00001d011601_T009	5034	4718.78	11.0471	0.164084
Zm00001d011601_T032	3241	2925.78	0.640883	0.0153527
Zm00001d011601_T025	3821	3505.78	4.28066	0.0855805
Zm00001d011601_T054	3146	2830.78	0	0
Zm00001d011601_T003	3491	3175.78	8.67664e-05	1.91492e-06
Zm00001d011601_T015	5087	4771.78	0	0
Zm00001d011601_T012	3473	3157.78	0	0
Zm00001d011601_T043	4798	4482.78	0	0
Zm00001d011601_T020	3669	3353.78	0	0
Zm00001d011601_T051	3674	3358.78	0	0
Zm00001d011601_T004	4199	3883.78	0.161492	0.00291438
Zm00001d011601_T027	3617	3301.78	0	0
Zm00001d011601_T031	2877	2561.78	14.5563	0.398251
Zm00001d011601_T007	3601	3285.78	7.13484	0.152193
Zm00001d011601_T006	1796	1480.78	4.93747	0.233703
Zm00001d011601_T005	1643	1327.78	22.3447	1.1795
Zm00001d026402_T016	3077	2761.78	4.08229	0.103601
Zm00001d028818_T035	6011	5695.78	6.68188e-05	8.22233e-07
Zm00001d003266_T003	2607	2291.78	60.823	1.86013
Zm00001d033790_T003	2091	1775.78	92.7332	3.66012
Zm00001d025021_T007	2206	1890.78	3.93601	0.145903
Zm00001d020602_T024	6017	5701.78	0	0
Zm00001d005308_T003	2528	2212.78	18.267	0.578601
Zm00001d011252_T002	1654	1338.78	11.7601	0.615674
Zm00001d007897_T004	3917	3601.78	91.8631	1.78761
Zm00001d021541_T005	7582	7266.78	0.000102912	9.92601e-07
Zm00001d047453_T004	3726	3410.78	2.44584e-07	5.02601e-09
Zm00001d017918_T001	2528	2212.78	19	0.601817
Zm00001d047799_T002	2007	1691.78	69.0359	2.8601
Zm00001d001984_T002	1667	1351.78	238.385	12.3601
Zm00001d005966_T001	1917	1601.78	1172.86	51.3208
Zm00001d007698_T007	4494	4178.78	5.22291	0.0876016
Zm00001d006552_T006	2044	1728.78	0.00138172	5.60182e-05
Zm00001d009940_T011	6019	5703.78	0	0
Zm00001d048245_T002	1601	1285.78	0	0
Zm00001d024637_T001	4044	3728.78	32	0.601495
Zm00001d052601_T001	777	462.005	0	0
Zm00001d018601_T001	1799	1483.78	285	13.4625
Zm00001d031851_T011	2650	2334.78	9.11411	0.273601
Zm00001d007789_T001	2601	2285.78	2443	74.9098
Zm00001d048835_T020	4917	4601.78	0	0
Zm00001d006112_T003	917	601.904	0	0
Zm00001d023523_T010	917	601.904	0	0
Zm00001d034822_T001	381	77.7035	3	2.70601
Zm00001d044566_T023	5917	5601.78	0	0
Zm00001d019108_T033	6010	5694.78	0	0
Zm00001d031163_T002	1601	1285.78	0	0
Zm00001d029004_T014	6019	5703.78	0	0
Zm00001d029004_T010	6018	5702.78	0	0
Zm00001d017987_T002	2572	2256.78	566.73	17.601
Zm00001d052070_T044	5176	4860.78	12.2066	0.17601
Zm00001d022143_T005	4991	4675.78	15.078	0.226016
Zm00001d012257_T002	4898	4582.78	17.0089	0.260134
Zm00001d034553_T001	3917	3601.78	257.758	5.01585
Zm00001d016013_T001	1398	1082.78	26	1.683
Zm00001d025201_T005	4601	4285.78	1.15836	0.0189436
Zm00001d031632_T024	6013	5697.78	0	0
Zm00001d030951_T002	1392	1076.78	24.605	1.60157
Zm00001d043540_T016	4504	4188.78	0.00140601	2.35261e-05
Zm00001d025749_T001	2013	1697.78	46.7601	1.93039
Zm00001d027809_T001	3601	3285.78	34.036	0.72602
Zm00001d002500_T001	261	89.0622	138	108.601
Zm00001d044731_T001	846	530.957	3	0.396014
Zm00001d038867_T002	1059	743.776	5.60157	0.527857
Zm00001d049076_T015	5913	5597.78	13.8601	0.17354
Zm00001d052840_T009	6017	5701.78	47.9443	0.589353
Zm00001d013606_T017	1827	1511.78	4.54255	0.210601
Zm00001d005924_T001	1396	1080.78	10.179	0.660114
Zm00001d047805_T011	5917	5601.78	0	0
Zm00001d021624_T027	6330	6014.78	0	0
Zm00001d005539_T005	2041	1725.78	176.939	7.18601
Zm00001d016017_T002	1138	822.776	0	0
Zm00001d016017_T001	913	597.904	0	0
Zm00001d020603_T011	3763	3447.78	2.88269	0.0586013
Zm00001d038853_T002	851	535.904	2.60149	0.340239
Zm00001d028748_T025	6326	6010.78	0	0
Zm00001d028748_T007	6327	6011.78	0	0
Zm00001d053196_T001	2188	1872.78	951.278	35.6016
Zm00001d048470_T001	1601	1285.78	616.333	33.5968
Zm00001d046601_T009	2638	2322.78	0	0
Zm00001d046601_T012	3549	3233.78	2.54915	0.0552502
Zm00001d046601_T008	3107	2791.78	0	0
Zm00001d046601_T005	2662	2346.78	0	0
Zm00001d046601_T004	2652	2336.78	0	0
Zm00001d046601_T010	2595	2279.78	73.4565	2.25832
Zm00001d046601_T006	2563	2247.78	0	0
Zm00001d046601_T002	2130	1814.78	0	0
Zm00001d046601_T001	2675	2359.78	58.9944	1.75222
Zm00001d046601_T007	2518	2202.78	0	0
Zm00001d012601_T001	896	580.904	62.4004	7.5289
Zm00001d012601_T002	1075	759.776	119.6	11.033
Zm00001d046015_T001	639	324.269	0	0
Zm00001d003648_T007	4601	4285.78	6.10045	0.0997656
Zm00001d003648_T032	2842	2526.78	2.16773	0.0601293
Zm00001d023520_T009	2917	2601.78	88.2941	2.37854
Zm00001d023796_T030	6018	5702.78	0	0
Zm00001d039421_T056	6018	5702.78	0	0
Zm00001d039421_T052	6332	6016.78	0	0
Zm00001d011069_T002	5540	5224.78	8.36016	0.112149
Zm00001d045823_T001	917	601.904	5.89447	0.686383
Zm00001d032379_T004	1487	1171.78	227.399	13.6017
Zm00001d007645_T009	733	418.051	10.6015	1.7774
Zm00001d024158_T007	917	601.904	34.2731	3.99094
Zm00001d006011_T001	3192	2876.78	130	3.16728
Zm00001d050526_T042	6012	5696.78	27.1417	0.333931
Zm00001d026016_T002	876	560.904	4.86962	0.608493
Zm00001d026016_T001	723	408.051	0	0
Zm00001d026016_T003	956	640.841	4.13038	0.45174
Zm00001d024635_T006	1917	1601.78	6.11556	0.267598
Zm00001d002469_T001	601	286.421	0	0
Zm00001d039602_T001	4917	4601.78	0	0
Zm00001d020004_T005	1601	1285.78	556.954	30.3601
Zm00001d035288_T001	526	212.101	1.06012	0.350317
Zm00001d018136_T001	603	288.421	2	0.486017
Zm00001d036748_T004	1138	822.776	601.035	51.1996
Zm00001d031927_T015	2226	1910.78	17.6011	0.645624
Zm00001d044985_T003	2621	2305.78	21.716	0.660104
Zm00001d044985_T002	3725	3409.78	77.9168	1.6016
Zm00001d003939_T013	6082	5766.78	4.94945	0.0601551
Zm00001d045310_T001	1529	1213.78	601.091	34.7097
Zm00001d032689_T010	6329	6013.78	0	0
Zm00001d034601_T001	1717	1401.78	1444	72.2
Zm00001d021434_T001	1917	1601.78	0	0
Zm00001d026019_T001	1620	1304.78	40	2.14868
Zm00001d025769_T006	6039	5723.78	2.60113	0.0318513
Zm00001d016601_T005	1662	1346.78	0	0
Zm00001d016601_T004	2166	1850.78	20	0.757399
Zm00001d016601_T007	2146	1830.78	0	0
Zm00001d016601_T002	1515	1199.78	0	0
Zm00001d016601_T001	2500	2184.78	0	0
Zm00001d016601_T006	2515	2199.78	0	0
Zm00001d016601_T003	2124	1808.78	0	0
Zm00001d002326_T011	2184	1868.78	42.7044	1.60164
Zm00001d016922_T006	1908	1592.78	13.6738	0.601702
Zm00001d005090_T064	5601	5285.78	0	0
Zm00001d011096_T020	3601	3285.78	0	0
Zm00001d043301_T001	2601	2285.78	0	0
Zm00001d038375_T008	1601	1285.78	0	0
Zm00001d044071_T001	923	607.904	1.00621	0.116012
Zm00001d046020_T002	2481	2165.78	15.2601	0.493848
Zm00001d053989_T010	6012	5696.78	0	0
Zm00001d019086_T003	2046	1730.78	448.447	18.1601
Zm00001d032659_T005	2848	2532.78	6.6016	0.182684
Zm00001d025454_T001	917	601.904	0	0
Zm00001d048016_T001	1917	1601.78	86	3.7631
Zm00001d042519_T002	1814	1498.78	20.5312	0.960123
Zm00001d010858_T013	5312	4996.78	8.86013	0.124279
Zm00001d021000_T019	6332	6016.78	75.9644	0.884902
Zm00001d021000_T044	6327	6011.78	0.00102957	1.20034e-05
Zm00001d033657_T001	4670	4354.78	27.0905	0.436013
Zm00001d044107_T001	795	480.005	1	0.146017
Zm00001d011699_T003	1775	1459.78	8.66014	0.415803
Zm00001d053149_T002	2601	2285.78	0	0
Zm00001d014786_T003	1601	1285.78	0	0
Zm00001d013892_T008	1601	1285.78	0	0
Zm00001d002323_T010	2817	2501.78	2.1463	0.0601299
Zm00001d012643_T017	3601	3285.78	0	0
Zm00001d039664_T007	601	286.421	37.5713	9.19389
Zm00001d020515_T002	2280	1964.78	44.8869	1.60124
Zm00001d049125_T022	3601	3285.78	0	0
Zm00001d042028_T025	6329	6013.78	0	0
Zm00001d047989_T002	6011	5695.78	69.7619	0.858448
Zm00001d034738_T001	1917	1601.78	171	7.48243
Zm00001d017604_T001	1812	1496.78	121	5.66601
Zm00001d027340_T005	6018	5702.78	9.69888	0.119202
Zm00001d028401_T006	1601	1285.78	12.3122	0.671148
Zm00001d049601_T001	1533	1217.78	1	0.0575548
Zm00001d026015_T001	312	53.4568	1378.14	1806.91
Zm00001d004125_T121	6014	5698.78	0	0
Zm00001d004125_T125	6015	5699.78	0	0
Zm00001d043366_T001	854	538.904	2	0.260116
Zm00001d021202_T029	603	288.421	2	0.486017
Zm00001d048566_T001	1686	1370.78	230	11.7601
Zm00001d051556_T001	1917	1601.78	35	1.53149
Zm00001d030846_T001	2436	2120.78	6.08601	0.201135
Zm00001d022343_T025	3917	3601.78	10.6047	0.206362
Zm00001d023640_T048	1394	1078.78	9.60155	0.623819
Zm00001d003728_T009	5917	5601.78	0	0
Zm00001d003728_T057	6018	5702.78	0	0
Zm00001d014601_T001	1341	1025.78	0	0
Zm00001d026590_T024	3156	2840.78	47.6016	1.17445
Zm00001d027259_T013	5917	5601.78	0	0
Zm00001d047897_T001	3003	2687.78	25.3169	0.660185
Zm00001d010556_T015	6019	5703.78	0	0
Zm00001d035312_T003	760	445.051	35.5705	5.60181
Zm00001d032156_T011	2881	2565.78	7.2703	0.198601
Zm00001d011130_T001	1194	878.776	601.066	47.9394
Zm00001d025601_T001	516	202.204	0	0
Zm00001d052308_T072	2917	2601.78	0.000232992	6.27654e-06
Zm00001d047601_T018	2794	2478.78	0	0
Zm00001d047601_T013	2594	2278.78	0.000234456	7.21121e-06
Zm00001d047601_T004	3538	3222.78	0	0
Zm00001d047601_T002	3484	3168.78	22.9833	0.508359
Zm00001d047601_T016	2567	2251.78	184.518	5.74331
Zm00001d047601_T003	2885	2569.78	0	0
Zm00001d047601_T019	2218	1902.78	0	0
Zm00001d047601_T007	2803	2487.78	23.7357	0.668714
Zm00001d047601_T015	1409	1093.78	0	0
Zm00001d047601_T010	3205	2889.78	10.5919	0.256897
Zm00001d047601_T008	2843	2527.78	8.47277	0.234928
Zm00001d047601_T017	2092	1776.78	0	0
Zm00001d047601_T011	2573	2257.78	0.0111568	0.000346343
Zm00001d047601_T014	1595	1279.78	0	0
Zm00001d047601_T012	2638	2322.78	0	0
Zm00001d047601_T006	2977	2661.78	0	0
Zm00001d046235_T001	293	60.6017	0	0
Zm00001d021861_T008	4917	4601.78	0	0
Zm00001d053251_T017	6331	6015.78	0	0
Zm00001d038773_T005	5561	5245.78	17.7832	0.237601
Zm00001d021570_T002	2277	1961.78	32.6601	1.16685
Zm00001d018481_T038	6012	5696.78	1.17365e-08	1.44397e-10
Zm00001d005373_T011	2688	2372.78	8.60106	0.254065
Zm00001d007938_T005	3483	3167.78	1.96015	0.0433693
Zm00001d013501_T001	864	548.904	19.2664	2.4601
Zm00001d050329_T002	3601	3285.78	0	0
Zm00001d050089_T006	5917	5601.78	0	0
Zm00001d011288_T006	2601	2285.78	66.8439	2.04964
Zm00001d014142_T001	601	286.421	0	0
Zm00001d032601_T002	2229	1913.78	3	0.10987
Zm00001d032601_T001	2151	1835.78	0	0
Zm00001d043428_T008	6335	6019.78	0	0
Zm00001d037104_T004	1697	1381.78	3.60116	0.182664
Zm00001d003287_T001	899	583.904	3	0.360105
Zm00001d005884_T002	1601	1285.78	8.09061	0.441026
Zm00001d009132_T001	975	659.776	241	25.6017
Zm00001d038506_T001	1610	1294.78	3.82601	0.207109
Zm00001d027601_T001	1608	1292.78	0	0
Zm00001d030163_T001	2188	1872.78	1601.25	59.9269
Zm00001d043982_T026	3567	3251.78	14.2248	0.306601
Zm00001d017179_T001	1480	1164.78	1	0.0601736
Zm00001d026122_T001	2445	2129.78	16.601	0.546321
Zm00001d043805_T009	6018	5702.78	0	0
Zm00001d038805_T017	3251	2935.78	8.77946	0.209601
Zm00001d021524_T003	2404	2088.78	601.185	20.1727
Zm00001d014112_T005	2170	1854.78	359.927	13.601
Zm00001d016016_T001	363	68.2603	56	57.5001
Zm00001d034964_T052	3917	3601.78	4.02982	0.0784184
Zm00001d048655_T010	2010	1694.78	4.64601	0.192139
Zm00001d013247_T002	3601	3285.78	10.8031	0.230441
Zm00001d048095_T016	6330	6014.78	0	0
Zm00001d026119_T001	813	497.957	4.63601	0.652531
Zm00001d044188_T010	3601	3285.78	0	0
Zm00001d026246_T004	2731	2415.78	6.60106	0.191516
Zm00001d026018_T001	2183	1867.78	1023.37	38.4024
Zm00001d026018_T003	2809	2493.78	226.846	6.37563
Zm00001d026018_T004	2549	2233.78	39.5413	1.24068
Zm00001d026018_T002	1916	1600.78	0	0
Zm00001d026018_T005	2270	1954.78	275.008	9.86045
Zm00001d034940_T018	4601	4285.78	0	0
Zm00001d023824_T005	888	572.904	97.0601	11.8743
Zm00001d005100_T107	3601	3285.78	0	0
Zm00001d006013_T001	417	105.744	4	2.65127
Zm00001d028400_T001	1601	1285.78	0	0
Zm00001d032046_T001	1601	1285.78	66.5504	3.62772
Zm00001d045635_T051	6014	5698.78	0	0
Zm00001d003601_T002	3052	2736.78	0	0
Zm00001d003601_T009	1710	1394.78	4.37702	0.219949
Zm00001d003601_T004	2522	2206.78	7.26138	0.230627
Zm00001d003601_T001	3171	2855.78	560.301	13.7514
Zm00001d003601_T007	3198	2882.78	36.1013	0.877729
Zm00001d003601_T003	3050	2734.78	0	0
Zm00001d003601_T006	3724	3408.78	28.9595	0.595444
Zm00001d003601_T005	1805	1489.78	0	0
Zm00001d039051_T006	2079	1763.78	6.54697	0.260163
Zm00001d011483_T048	1917	1601.78	2.17272	0.0950715
Zm00001d014681_T001	795	480.005	1	0.146017
Zm00001d036777_T003	1356	1040.78	35.2601	2.37451
Zm00001d046569_T004	1457	1141.78	3.16018e-07	1.9399e-08
Zm00001d000137_T001	2819	2503.78	22.6601	0.63433
Zm00001d034263_T006	3601	3285.78	4	0.0853239
Zm00001d021770_T064	4917	4601.78	0	0
Zm00001d021770_T089	3568	3252.78	3.86012	0.0831755
Zm00001d021770_T070	4917	4601.78	0	0
Zm00001d026021_T001	603	288.421	2	0.486017
Zm00001d002239_T014	6016	5700.78	0	0
Zm00001d002239_T159	6332	6016.78	0	0
Zm00001d002239_T163	6018	5702.78	0	0
Zm00001d029646_T115	3917	3601.78	0	0
Zm00001d022184_T020	4601	4285.78	6.61425e-08	1.08168e-09
Zm00001d007904_T026	3917	3601.78	0	0
Zm00001d011395_T005	1051	735.776	3.73733	0.356011
Zm00001d054104_T006	6329	6013.78	6.95067	0.0810081
Zm00001d054104_T001	2873	2557.78	71.5339	1.96019
Zm00001d020540_T002	1781	1465.78	35.8872	1.71601
Zm00001d044667_T002	2961	2645.78	45.9029	1.21601
Zm00001d026511_T041	5601	5285.78	0	0
Zm00001d043601_T001	2312	1996.78	9.94357	0.349029
Zm00001d043601_T003	2359	2043.78	24.8992	0.853889
Zm00001d043601_T002	2256	1940.78	2835.16	102.388
Zm00001d008211_T001	766	451.051	25.3942	3.94601
Zm00001d006601_T001	1364	1048.78	69	4.61121
Zm00001d052537_T001	917	601.904	0	0
Zm00001d033766_T004	3938	3622.78	23.7853	0.460167
Zm00001d045735_T002	2434	2118.78	83.4401	2.76019
Zm00001d002735_T006	1368	1052.78	9.91602	0.660161
